tokenizer,vocabulary size (tokens),language,dataset,fertility,average token length,processing time,# characters,# words,# tokens
CroissantLLM,32000,Code,c++,4.983,2.356,27.19450330734253,25005734,2130370,10615015
CroissantLLM,32000,Code,javascript,6.314,2.25,29.173091411590576,25173607,1771785,11187233
CroissantLLM,32000,Code,python,5.032,2.338,28.10979461669922,25010643,2125802,10697043
CroissantLLM,32000,Code,tex,3.886,2.501,25.63155174255371,25358297,2608822,10137977
CroissantLLM,32000,English,Europarl.en,1.253,4.81,176.36238288879397,170503545,28287016,35445591
CroissantLLM,32000,English,Gutenberg.en,1.617,3.6,771.0401978492737,827487238,142129809,229833281
CroissantLLM,32000,English,Wikipedia.en,1.754,3.128,909.6419835090636,992528730,180958556,317349000
CroissantLLM,32000,French,Europarl.fr,1.291,4.96,148.51438236236572,177552772,27727351,35795957
CroissantLLM,32000,French,GallicaMonographies,1.621,3.694,620.6562423706055,607915815,101527426,164570673
CroissantLLM,32000,French,Gutenberg.fr,1.681,3.653,734.5860197544098,726060299,118237740,198776424
CroissantLLM,32000,French,Persee,1.727,3.618,863.6286585330963,913038858,146092571,252343015
CroissantLLM,32000,French,Wikipedia.fr,1.754,3.228,936.844828605652,1032611019,182384258,319923468
CroissantLLM,32000,German,Europarl.de,2.652,2.732,188.721570968628,157768481,21771862,57747562
CroissantLLM,32000,German,Gutenberg.de,2.594,2.553,246.02382159233093,355733044,53718437,139346852
CroissantLLM,32000,German,Wikipedia.de,2.625,2.499,1045.5704746246338,1269036036,193425915,507780585
CroissantLLM,32000,Italian,Gutenberg.it,2.338,2.695,141.91139340400696,211432934,33557403,78455245
CroissantLLM,32000,Italian,Wikipedia.it,2.206,2.566,869.227920293808,945064169,166986641,368369169
CroissantLLM,32000,Spanish,Europarl.es,2.025,3.06,170.3529121875763,165225813,26660776,53992213
CroissantLLM,32000,Spanish,Gutenberg.es,2.223,2.68,102.298015832901,151995591,25509320,56712479
CroissantLLM,32000,Spanish,Wikipedia.es,2.148,2.722,969.3582096099854,1161930093,198737225,426918831
Llama-2,32000,Code,c++,4.6,2.552,25.375081777572632,25005734,2130370,9800011
Llama-2,32000,Code,javascript,5.678,2.502,26.771065711975098,25173607,1771785,10060251
Llama-2,32000,Code,python,4.125,2.852,25.525871753692627,25010643,2125802,8768411
Llama-2,32000,Code,tex,4.004,2.427,23.752727270126343,25358297,2608822,10446512
Llama-2,32000,English,Europarl.en,1.317,4.578,117.03215265274048,170503545,28287016,37247593
Llama-2,32000,English,Gutenberg.en,1.698,3.428,713.6577091217041,827487238,142129809,241367349
Llama-2,32000,English,Wikipedia.en,1.853,2.961,850.0281805992126,992528730,180958556,335251928
Llama-2,32000,French,Europarl.fr,1.767,3.624,216.32372903823853,177552772,27727351,48994824
Llama-2,32000,French,GallicaMonographies,2.017,2.968,520.2413654327393,607915815,101527426,204829728
Llama-2,32000,French,Gutenberg.fr,2.055,2.989,582.2181005477905,726060299,118237740,242927574
Llama-2,32000,French,Persee,2.085,2.997,898.5686273574829,913038858,146092571,304608372
Llama-2,32000,French,Wikipedia.fr,2.085,2.716,861.0648670196533,1032611019,182384258,380255814
Llama-2,32000,German,Europarl.de,1.982,3.657,107.22927808761597,157768481,21771862,43143458
Llama-2,32000,German,Gutenberg.de,2.157,3.07,283.0259356498718,355733044,53718437,115888926
Llama-2,32000,German,Wikipedia.de,2.269,2.892,988.7274730205536,1269036036,193425915,438865872
Llama-2,32000,Italian,Gutenberg.it,2.16,2.918,171.9945387840271,211432934,33557403,72469176
Llama-2,32000,Italian,Wikipedia.it,2.108,2.685,799.8141901493073,945064169,166986641,351927830
Llama-2,32000,Spanish,Europarl.es,1.72,3.603,117.85985445976256,165225813,26660776,45860455
Llama-2,32000,Spanish,Gutenberg.es,1.996,2.985,120.74421167373656,151995591,25509320,50919705
Llama-2,32000,Spanish,Wikipedia.es,1.965,2.975,948.9174916744232,1161930093,198737225,390545967
Lucie2.9,32000,Code,c++,4.582,2.561,17.64183473587036,25005734,2130370,9762367
Lucie2.9,32000,Code,javascript,5.904,2.406,18.08914351463318,25173607,1771785,10460688
Lucie2.9,32000,Code,python,4.223,2.786,16.835681438446045,25010643,2125802,8976774
Lucie2.9,32000,Code,tex,4.121,2.359,15.921469926834106,25358297,2608822,10751461
Lucie2.9,32000,English,Europarl.en,1.296,4.65,133.26714634895325,170503545,28287016,36663504
Lucie2.9,32000,English,Gutenberg.en,1.692,3.441,820.0473260879517,827487238,142129809,240501584
Lucie2.9,32000,English,Wikipedia.en,1.784,3.075,604.3170034885406,992528730,180958556,322778677
Lucie2.9,32000,French,Europarl.fr,1.446,4.43,145.26881909370422,177552772,27727351,40082882
Lucie2.9,32000,French,GallicaMonographies,1.801,3.324,624.815770149231,607915815,101527426,182881314
Lucie2.9,32000,French,Gutenberg.fr,1.794,3.422,686.7312002182007,726060299,118237740,212157783
Lucie2.9,32000,French,Persee,1.888,3.31,640.2510151863098,913038858,146092571,275842353
Lucie2.9,32000,French,Wikipedia.fr,1.83,3.093,641.5890030860901,1032611019,182384258,333839707
Lucie2.9,32000,German,Europarl.de,1.899,3.816,122.32812166213988,157768481,21771862,41346442
Lucie2.9,32000,German,Gutenberg.de,2.135,3.102,326.93674635887146,355733044,53718437,114684179
Lucie2.9,32000,German,Wikipedia.de,2.222,2.953,755.6651487350464,1269036036,193425915,429738197
Lucie2.9,32000,Italian,Gutenberg.it,2.112,2.983,205.82970309257507,211432934,33557403,70876421
Lucie2.9,32000,Italian,Wikipedia.it,2.027,2.792,579.4600291252136,945064169,166986641,338443340
Lucie2.9,32000,Spanish,Europarl.es,1.593,3.89,128.99964499473572,165225813,26660776,42471487
Lucie2.9,32000,Spanish,Gutenberg.es,1.946,3.062,140.48454451560974,151995591,25509320,49636610
Lucie2.9,32000,Spanish,Wikipedia.es,1.887,3.099,711.713171005249,1161930093,198737225,374982188
Mistral,32000,Code,c++,4.467,2.628,14.99535346031189,25005734,2130370,9516433
Mistral,32000,Code,javascript,5.632,2.523,14.980505466461182,25173607,1771785,9978639
Mistral,32000,Code,python,4.08,2.884,14.253195524215698,25010643,2125802,8672823
Mistral,32000,Code,tex,3.941,2.467,13.457568168640137,25358297,2608822,10280602
Mistral,32000,English,Europarl.en,1.274,4.732,117.20545625686646,170503545,28287016,36029945
Mistral,32000,English,Gutenberg.en,1.665,3.496,707.5101461410522,827487238,142129809,236674706
Mistral,32000,English,Wikipedia.en,1.833,2.993,838.1234846115112,992528730,180958556,331608458
Mistral,32000,French,Europarl.fr,1.869,3.426,219.31525135040283,177552772,27727351,51830688
Mistral,32000,French,GallicaMonographies,2.091,2.864,517.1148767471313,607915815,101527426,212264702
Mistral,32000,French,GallicaMonographies,2.091,2.864,520.2212011814117,607915815,101527426,212264702
Mistral,32000,French,Gutenberg.fr,2.136,2.875,579.2752962112427,726060299,118237740,252543919
Mistral,32000,French,Persee,2.156,2.899,892.9471652507782,913038858,146092571,314964259
Mistral,32000,French,Wikipedia.fr,2.151,2.633,852.9633319377899,1032611019,182384258,392225209
Mistral,32000,German,Europarl.de,2.182,3.321,105.88241696357728,157768481,21771862,47510724
Mistral,32000,German,Gutenberg.de,2.291,2.89,276.5981731414795,355733044,53718437,123088076
Mistral,32000,German,Wikipedia.de,2.399,2.735,979.4252026081084,1269036036,193425915,463950147
Mistral,32000,Italian,Gutenberg.it,2.241,2.812,172.08589601516724,211432934,33557403,75198224
Mistral,32000,Italian,Wikipedia.it,2.175,2.602,796.248162984848,945064169,166986641,363257180
Mistral,32000,Spanish,Europarl.es,1.806,3.431,117.30083560943604,165225813,26660776,48153142
Mistral,32000,Spanish,Gutenberg.es,2.062,2.89,120.05668520927428,151995591,25509320,52592305
Mistral,32000,Spanish,Wikipedia.es,2.036,2.871,938.6589035987854,1161930093,198737225,404701902
Falcon,65024,Code,c++,4.12,2.849,48.65022158622742,25005734,2130370,8778048
Falcon,65024,Code,c++,4.12,2.849,45.36139965057373,25005734,2130370,8778048
Falcon,65024,Code,c++,4.12,2.849,44.68352007865906,25005734,2130370,8778048
Falcon,65024,Code,c++,4.12,2.849,48.52720546722412,25005734,2130370,8778048
Falcon,65024,Code,c++,4.12,2.849,48.89715266227722,25005734,2130370,8778048
Falcon,65024,Code,c++,4.12,2.849,48.62668514251709,25005734,2130370,8778048
Falcon,65024,Code,c++,4.12,2.849,48.768043756484985,25005734,2130370,8778048
Falcon,65024,Code,c++,4.12,2.849,48.72199106216431,25005734,2130370,8778048
Falcon,65024,Code,c++,4.12,2.849,49.21458053588867,25005734,2130370,8778048
Falcon,65024,Code,javascript,5.261,2.701,51.12238025665283,25173607,1771785,9320574
Falcon,65024,Code,javascript,5.261,2.701,51.254807233810425,25173607,1771785,9320574
Falcon,65024,Code,javascript,5.261,2.701,50.53153324127197,25173607,1771785,9320574
Falcon,65024,Code,javascript,5.261,2.701,51.823853969573975,25173607,1771785,9320574
Falcon,65024,Code,javascript,5.261,2.701,51.04728150367737,25173607,1771785,9320574
Falcon,65024,Code,javascript,5.261,2.701,49.54390478134155,25173607,1771785,9320574
Falcon,65024,Code,javascript,5.261,2.701,50.98759174346924,25173607,1771785,9320574
Falcon,65024,Code,javascript,5.261,2.701,51.25520825386048,25173607,1771785,9320574
Falcon,65024,Code,javascript,5.261,2.701,51.38287663459778,25173607,1771785,9320574
Falcon,65024,Code,python,3.709,3.172,46.037726640701294,25010643,2125802,7884301
Falcon,65024,Code,python,3.709,3.172,45.01743412017822,25010643,2125802,7884301
Falcon,65024,Code,python,3.709,3.172,43.469417333602905,25010643,2125802,7884301
Falcon,65024,Code,python,3.709,3.172,45.08353805541992,25010643,2125802,7884301
Falcon,65024,Code,python,3.709,3.172,45.78124904632568,25010643,2125802,7884301
Falcon,65024,Code,python,3.709,3.172,45.037471532821655,25010643,2125802,7884301
Falcon,65024,Code,python,3.709,3.172,46.12760639190674,25010643,2125802,7884301
Falcon,65024,Code,python,3.709,3.172,45.44742465019226,25010643,2125802,7884301
Falcon,65024,Code,python,3.709,3.172,45.1301691532135,25010643,2125802,7884301
Falcon,65024,Code,tex,3.691,2.633,42.39050364494324,25358297,2608822,9630285
Falcon,65024,Code,tex,3.691,2.633,45.62566065788269,25358297,2608822,9630285
Falcon,65024,Code,tex,3.691,2.633,47.019914388656616,25358297,2608822,9630285
Falcon,65024,Code,tex,3.691,2.633,48.385671854019165,25358297,2608822,9630285
Falcon,65024,Code,tex,3.691,2.633,49.86292290687561,25358297,2608822,9630285
Falcon,65024,Code,tex,3.691,2.633,49.17977452278137,25358297,2608822,9630285
Falcon,65024,Code,tex,3.691,2.633,49.871344804763794,25358297,2608822,9630285
Falcon,65024,Code,tex,3.691,2.633,50.45287299156189,25358297,2608822,9630285
Falcon,65024,Code,tex,3.691,2.633,49.59157872200012,25358297,2608822,9630285
Falcon,65024,English,Europarl.en,1.193,5.053,242.98528575897217,170503545,28287016,33743463
Falcon,65024,English,Europarl.en,1.193,5.053,265.2498230934143,170503545,28287016,33743463
Falcon,65024,English,Europarl.en,1.193,5.053,276.6641037464142,170503545,28287016,33743463
Falcon,65024,English,Europarl.en,1.193,5.053,270.35734844207764,170503545,28287016,33743463
Falcon,65024,English,Europarl.en,1.193,5.053,284.99079394340515,170503545,28287016,33743463
Falcon,65024,English,Europarl.en,1.193,5.053,286.1033334732056,170503545,28287016,33743463
Falcon,65024,English,Europarl.en,1.193,5.053,293.9281373023987,170503545,28287016,33743463
Falcon,65024,English,Europarl.en,1.193,5.053,284.68667221069336,170503545,28287016,33743463
Falcon,65024,English,Europarl.en,1.193,5.053,294.47931122779846,170503545,28287016,33743463
Falcon,65024,English,Gutenberg.en,1.522,3.826,1070.701129436493,827487238,142129809,216274898
Falcon,65024,English,Gutenberg.en,1.522,3.826,1080.6796717643738,827487238,142129809,216274898
Falcon,65024,English,Gutenberg.en,1.522,3.826,1107.6946938037872,827487238,142129809,216274898
Falcon,65024,English,Gutenberg.en,1.522,3.826,1091.23703956604,827487238,142129809,216274898
Falcon,65024,English,Gutenberg.en,1.522,3.826,1088.3955435752869,827487238,142129809,216274898
Falcon,65024,English,Gutenberg.en,1.522,3.826,1083.082329273224,827487238,142129809,216274898
Falcon,65024,English,Gutenberg.en,1.522,3.826,1082.83171916008,827487238,142129809,216274898
Falcon,65024,English,Gutenberg.en,1.522,3.826,1096.3355004787445,827487238,142129809,216274898
Falcon,65024,English,Gutenberg.en,1.522,3.826,1117.386485338211,827487238,142129809,216274898
Falcon,65024,English,Wikipedia.en,1.753,3.13,1461.830704689026,992528730,180958556,317131048
Falcon,65024,English,Wikipedia.en,1.753,3.13,1470.6441676616669,992528730,180958556,317131048
Falcon,65024,English,Wikipedia.en,1.753,3.13,1470.7818853855133,992528730,180958556,317131048
Falcon,65024,English,Wikipedia.en,1.753,3.13,1471.072594165802,992528730,180958556,317131048
Falcon,65024,English,Wikipedia.en,1.753,3.13,1473.686500787735,992528730,180958556,317131048
Falcon,65024,English,Wikipedia.en,1.753,3.13,1499.0947966575625,992528730,180958556,317131048
Falcon,65024,English,Wikipedia.en,1.753,3.13,1491.375583410263,992528730,180958556,317131048
Falcon,65024,English,Wikipedia.en,1.753,3.13,1510.6311938762665,992528730,180958556,317131048
Falcon,65024,English,Wikipedia.en,1.753,3.13,1517.1195633411407,992528730,180958556,317131048
Falcon,65024,French,Europarl.fr,1.596,4.012,276.80936765670776,177552772,27727351,44252035
Falcon,65024,French,Europarl.fr,1.596,4.012,275.6295008659363,177552772,27727351,44252035
Falcon,65024,French,Europarl.fr,1.596,4.012,279.87748861312866,177552772,27727351,44252035
Falcon,65024,French,Europarl.fr,1.596,4.012,275.46422147750854,177552772,27727351,44252035
Falcon,65024,French,Europarl.fr,1.596,4.012,279.9489586353302,177552772,27727351,44252035
Falcon,65024,French,Europarl.fr,1.596,4.012,281.8708837032318,177552772,27727351,44252035
Falcon,65024,French,Europarl.fr,1.596,4.012,284.2880334854126,177552772,27727351,44252035
Falcon,65024,French,Europarl.fr,1.596,4.012,283.8342237472534,177552772,27727351,44252035
Falcon,65024,French,Europarl.fr,1.596,4.012,290.13877296447754,177552772,27727351,44252035
Falcon,65024,French,GallicaMonographies,1.882,3.181,1028.3017163276672,607915815,101527426,191110970
Falcon,65024,French,GallicaMonographies,1.882,3.181,1053.23175907135,607915815,101527426,191110970
Falcon,65024,French,GallicaMonographies,1.882,3.181,1069.5480093955994,607915815,101527426,191110970
Falcon,65024,French,GallicaMonographies,1.882,3.181,1067.8130657672882,607915815,101527426,191110970
Falcon,65024,French,GallicaMonographies,1.882,3.181,1068.8497521877289,607915815,101527426,191110970
Falcon,65024,French,GallicaMonographies,1.882,3.181,1092.0324096679688,607915815,101527426,191110970
Falcon,65024,French,GallicaMonographies,1.882,3.181,1110.030963420868,607915815,101527426,191110970
Falcon,65024,French,GallicaMonographies,1.882,3.181,1123.8962090015411,607915815,101527426,191110970
Falcon,65024,French,GallicaMonographies,1.882,3.181,1142.70072388649,607915815,101527426,191110970
Falcon,65024,French,Gutenberg.fr,1.902,3.228,1227.9320487976074,726060299,118237740,224902194
Falcon,65024,French,Gutenberg.fr,1.902,3.228,1230.796381235123,726060299,118237740,224902194
Falcon,65024,French,Gutenberg.fr,1.902,3.228,1241.756135225296,726060299,118237740,224902194
Falcon,65024,French,Gutenberg.fr,1.902,3.228,1255.6448097229004,726060299,118237740,224902194
Falcon,65024,French,Gutenberg.fr,1.902,3.228,1264.6517910957336,726060299,118237740,224902194
Falcon,65024,French,Gutenberg.fr,1.902,3.228,1256.8122582435608,726060299,118237740,224902194
Falcon,65024,French,Gutenberg.fr,1.902,3.228,1263.6303696632383,726060299,118237740,224902194
Falcon,65024,French,Gutenberg.fr,1.902,3.228,1265.270168542862,726060299,118237740,224902194
Falcon,65024,French,Gutenberg.fr,1.902,3.228,1283.399214029312,726060299,118237740,224902194
Falcon,65024,French,Persee,1.912,3.269,1387.7965092658997,913038858,146092571,279266622
Falcon,65024,French,Persee,1.912,3.269,1390.943238735199,913038858,146092571,279266622
Falcon,65024,French,Persee,1.912,3.269,1402.983563661575,913038858,146092571,279266622
Falcon,65024,French,Persee,1.912,3.269,1408.315512418747,913038858,146092571,279266622
Falcon,65024,French,Persee,1.912,3.269,1410.4796998500824,913038858,146092571,279266622
Falcon,65024,French,Persee,1.912,3.269,1415.6236906051636,913038858,146092571,279266622
Falcon,65024,French,Persee,1.912,3.269,1425.991456270218,913038858,146092571,279266622
Falcon,65024,French,Persee,1.912,3.269,1435.371827363968,913038858,146092571,279266622
Falcon,65024,French,Persee,1.912,3.269,1479.057896375656,913038858,146092571,279266622
Falcon,65024,French,Wikipedia.fr,1.984,2.853,1491.0603332519531,1032611019,182384258,361888509
Falcon,65024,French,Wikipedia.fr,1.984,2.853,1499.3941793441772,1032611019,182384258,361888509
Falcon,65024,French,Wikipedia.fr,1.984,2.853,1490.4859189987185,1032611019,182384258,361888509
Falcon,65024,French,Wikipedia.fr,1.984,2.853,1507.1177506446838,1032611019,182384258,361888509
Falcon,65024,French,Wikipedia.fr,1.984,2.853,1509.0143206119535,1032611019,182384258,361888509
Falcon,65024,French,Wikipedia.fr,1.984,2.853,1517.366295337677,1032611019,182384258,361888509
Falcon,65024,French,Wikipedia.fr,1.984,2.853,1527.3116126060486,1032611019,182384258,361888509
Falcon,65024,French,Wikipedia.fr,1.984,2.853,1535.481597661972,1032611019,182384258,361888509
Falcon,65024,French,Wikipedia.fr,1.984,2.853,1535.6233003139496,1032611019,182384258,361888509
Falcon,65024,German,Europarl.de,1.902,3.81,257.144387960434,157768481,21771862,41412921
Falcon,65024,German,Europarl.de,1.902,3.81,238.08584356307983,157768481,21771862,41412921
Falcon,65024,German,Europarl.de,1.902,3.81,264.90544414520264,157768481,21771862,41412921
Falcon,65024,German,Europarl.de,1.902,3.81,259.1529266834259,157768481,21771862,41412921
Falcon,65024,German,Europarl.de,1.902,3.81,251.4005460739136,157768481,21771862,41412921
Falcon,65024,German,Europarl.de,1.902,3.81,254.615535736084,157768481,21771862,41412921
Falcon,65024,German,Europarl.de,1.902,3.81,263.5437171459198,157768481,21771862,41412921
Falcon,65024,German,Europarl.de,1.902,3.81,278.6549599170685,157768481,21771862,41412921
Falcon,65024,German,Europarl.de,1.902,3.81,277.3554847240448,157768481,21771862,41412921
Falcon,65024,German,Gutenberg.de,2.069,3.2,383.1613907814026,355733044,53718437,111153607
Falcon,65024,German,Gutenberg.de,2.069,3.2,381.7182238101959,355733044,53718437,111153607
Falcon,65024,German,Gutenberg.de,2.069,3.2,385.8046770095825,355733044,53718437,111153607
Falcon,65024,German,Gutenberg.de,2.069,3.2,384.2069680690765,355733044,53718437,111153607
Falcon,65024,German,Gutenberg.de,2.069,3.2,384.6142432689667,355733044,53718437,111153607
Falcon,65024,German,Gutenberg.de,2.069,3.2,382.125922203064,355733044,53718437,111153607
Falcon,65024,German,Gutenberg.de,2.069,3.2,383.80017924308777,355733044,53718437,111153607
Falcon,65024,German,Gutenberg.de,2.069,3.2,384.66434931755066,355733044,53718437,111153607
Falcon,65024,German,Gutenberg.de,2.069,3.2,381.2157883644104,355733044,53718437,111153607
Falcon,65024,German,Wikipedia.de,2.235,2.936,1606.443541288376,1269036036,193425915,432218168
Falcon,65024,German,Wikipedia.de,2.235,2.936,1622.3607251644137,1269036036,193425915,432218168
Falcon,65024,German,Wikipedia.de,2.235,2.936,1648.7192950248718,1269036036,193425915,432218168
Falcon,65024,German,Wikipedia.de,2.235,2.936,1654.297176361084,1269036036,193425915,432218168
Falcon,65024,German,Wikipedia.de,2.235,2.936,1638.1366183757782,1269036036,193425915,432218168
Falcon,65024,German,Wikipedia.de,2.235,2.936,1651.6651439666748,1269036036,193425915,432218168
Falcon,65024,German,Wikipedia.de,2.235,2.936,1655.2344191074371,1269036036,193425915,432218168
Falcon,65024,German,Wikipedia.de,2.235,2.936,1664.29824757576,1269036036,193425915,432218168
Falcon,65024,German,Wikipedia.de,2.235,2.936,1673.6337368488312,1269036036,193425915,432218168
Falcon,65024,Italian,Gutenberg.it,2.008,3.138,227.36126399040225,211432934,33557403,67381852
Falcon,65024,Italian,Gutenberg.it,2.008,3.138,227.0906276702881,211432934,33557403,67381852
Falcon,65024,Italian,Gutenberg.it,2.008,3.138,228.159613609314,211432934,33557403,67381852
Falcon,65024,Italian,Gutenberg.it,2.008,3.138,226.6853489875793,211432934,33557403,67381852
Falcon,65024,Italian,Gutenberg.it,2.008,3.138,227.9211723804474,211432934,33557403,67381852
Falcon,65024,Italian,Gutenberg.it,2.008,3.138,227.3979616165161,211432934,33557403,67381852
Falcon,65024,Italian,Gutenberg.it,2.008,3.138,229.3199348449707,211432934,33557403,67381852
Falcon,65024,Italian,Gutenberg.it,2.008,3.138,227.62622666358948,211432934,33557403,67381852
Falcon,65024,Italian,Gutenberg.it,2.008,3.138,227.49240970611567,211432934,33557403,67381852
Falcon,65024,Italian,Wikipedia.it,2.049,2.762,1402.0809412002563,945064169,166986641,342168591
Falcon,65024,Italian,Wikipedia.it,2.049,2.762,1414.344659805298,945064169,166986641,342168591
Falcon,65024,Italian,Wikipedia.it,2.049,2.762,1416.1851081848145,945064169,166986641,342168591
Falcon,65024,Italian,Wikipedia.it,2.049,2.762,1421.3698236942291,945064169,166986641,342168591
Falcon,65024,Italian,Wikipedia.it,2.049,2.762,1419.4752578735352,945064169,166986641,342168591
Falcon,65024,Italian,Wikipedia.it,2.049,2.762,1422.004911184311,945064169,166986641,342168591
Falcon,65024,Italian,Wikipedia.it,2.049,2.762,1426.0634486675262,945064169,166986641,342168591
Falcon,65024,Italian,Wikipedia.it,2.049,2.762,1432.718673467636,945064169,166986641,342168591
Falcon,65024,Italian,Wikipedia.it,2.049,2.762,1438.582340478897,945064169,166986641,342168591
Falcon,65024,Spanish,Europarl.es,1.598,3.878,286.8554503917694,165225813,26660776,42609056
Falcon,65024,Spanish,Europarl.es,1.598,3.878,281.1410665512085,165225813,26660776,42609056
Falcon,65024,Spanish,Europarl.es,1.598,3.878,274.9307985305786,165225813,26660776,42609056
Falcon,65024,Spanish,Europarl.es,1.598,3.878,284.8680076599121,165225813,26660776,42609056
Falcon,65024,Spanish,Europarl.es,1.598,3.878,280.2475337982178,165225813,26660776,42609056
Falcon,65024,Spanish,Europarl.es,1.598,3.878,282.3589360713959,165225813,26660776,42609056
Falcon,65024,Spanish,Europarl.es,1.598,3.878,291.14826345443726,165225813,26660776,42609056
Falcon,65024,Spanish,Europarl.es,1.598,3.878,295.4785671234131,165225813,26660776,42609056
Falcon,65024,Spanish,Europarl.es,1.598,3.878,294.48599910736084,165225813,26660776,42609056
Falcon,65024,Spanish,Gutenberg.es,1.865,3.195,164.96163296699524,151995591,25509320,47576267
Falcon,65024,Spanish,Gutenberg.es,1.865,3.195,164.12161660194397,151995591,25509320,47576267
Falcon,65024,Spanish,Gutenberg.es,1.865,3.195,165.2338035106659,151995591,25509320,47576267
Falcon,65024,Spanish,Gutenberg.es,1.865,3.195,164.9912872314453,151995591,25509320,47576267
Falcon,65024,Spanish,Gutenberg.es,1.865,3.195,166.0754907131195,151995591,25509320,47576267
Falcon,65024,Spanish,Gutenberg.es,1.865,3.195,164.63181710243225,151995591,25509320,47576267
Falcon,65024,Spanish,Gutenberg.es,1.865,3.195,165.4585268497467,151995591,25509320,47576267
Falcon,65024,Spanish,Gutenberg.es,1.865,3.195,165.78340029716492,151995591,25509320,47576267
Falcon,65024,Spanish,Gutenberg.es,1.865,3.195,164.87727618217468,151995591,25509320,47576267
Falcon,65024,Spanish,Wikipedia.es,1.91,3.061,1496.5910799503326,1161930093,198737225,379562566
Falcon,65024,Spanish,Wikipedia.es,1.91,3.061,1500.3276767730713,1161930093,198737225,379562566
Falcon,65024,Spanish,Wikipedia.es,1.91,3.061,1505.6326353549955,1161930093,198737225,379562566
Falcon,65024,Spanish,Wikipedia.es,1.91,3.061,1515.1990399360657,1161930093,198737225,379562566
Falcon,65024,Spanish,Wikipedia.es,1.91,3.061,1510.7074739933014,1161930093,198737225,379562566
Falcon,65024,Spanish,Wikipedia.es,1.91,3.061,1514.3177630901337,1161930093,198737225,379562566
Falcon,65024,Spanish,Wikipedia.es,1.91,3.061,1521.292913198471,1161930093,198737225,379562566
Falcon,65024,Spanish,Wikipedia.es,1.91,3.061,1525.085281610489,1161930093,198737225,379562566
Falcon,65024,Spanish,Wikipedia.es,1.91,3.061,1539.7764177322388,1161930093,198737225,379562566
Lucie2.10,65024,Code,c++,4.324,2.714,18.81069016456604,25005734,2130370,9212547
Lucie2.10,65024,Code,javascript,5.631,2.523,19.137299060821533,25173607,1771785,9977115
Lucie2.10,65024,Code,python,4.002,2.94,17.981215000152588,25010643,2125802,8506424
Lucie2.10,65024,Code,tex,3.92,2.48,17.194759130477905,25358297,2608822,10227158
Lucie2.10,65024,English,Europarl.en,1.224,4.923,139.5207498073578,170503545,28287016,34631562
Lucie2.10,65024,English,Gutenberg.en,1.597,3.645,840.4807503223419,827487238,142129809,227038537
Lucie2.10,65024,English,Wikipedia.en,1.699,3.228,631.9946982860565,992528730,180958556,307443940
Lucie2.10,65024,French,Europarl.fr,1.355,4.725,156.00207710266113,177552772,27727351,37575486
Lucie2.10,65024,French,GallicaMonographies,1.69,3.544,658.6862368583679,607915815,101527426,171557329
Lucie2.10,65024,French,Gutenberg.fr,1.681,3.654,730.2197012901306,726060299,118237740,198720095
Lucie2.10,65024,French,Persee,1.773,3.525,671.2940580844879,913038858,146092571,259014960
Lucie2.10,65024,French,Wikipedia.fr,1.733,3.267,668.7546534538269,1032611019,182384258,316113117
Lucie2.10,65024,German,Europarl.de,1.627,4.455,133.18349242210388,157768481,21771862,35412566
Lucie2.10,65024,German,Gutenberg.de,1.939,3.416,338.2424473762512,355733044,53718437,104136034
Lucie2.10,65024,German,Wikipedia.de,2.019,3.25,787.1987645626068,1269036036,193425915,390435207
Lucie2.10,65024,Italian,Gutenberg.it,1.948,3.234,209.1222088336945,211432934,33557403,65368409
Lucie2.10,65024,Italian,Wikipedia.it,1.872,3.023,604.5448727607727,945064169,166986641,312623690
Lucie2.10,65024,Spanish,Europarl.es,1.399,4.43,135.83758425712583,165225813,26660776,37299808
Lucie2.10,65024,Spanish,Gutenberg.es,1.786,3.337,143.55271792411804,151995591,25509320,45551330
Lucie2.10,65024,Spanish,Wikipedia.es,1.723,3.393,737.0537617206573,1161930093,198737225,342427728
GPT-4,100000,Code,c++,3.315,3.54,10.499536514282228,25005734,2130370,7063221
GPT-4,100000,Code,javascript,4.247,3.345,10.277963876724243,25173607,1771785,7524846
GPT-4,100000,Code,python,2.959,3.976,7.597597360610962,25010643,2125802,6290966
GPT-4,100000,Code,tex,3.304,2.942,5.362567663192749,25358297,2608822,8619540
GPT-4,100000,English,Europarl.en,1.175,5.131,40.7535195350647,170503545,28287016,33230208
GPT-4,100000,English,Gutenberg.en,1.46,3.987,142.04390454292297,827487238,142129809,207539866
GPT-4,100000,English,Wikipedia.en,1.538,3.565,248.7861974239349,992528730,180958556,278378601
GPT-4,100000,French,Europarl.fr,1.671,3.832,58.78812789916992,177552772,27727351,46333242
GPT-4,100000,French,GallicaMonographies,1.86,3.22,166.5211718082428,607915815,101527426,188822999
GPT-4,100000,French,Gutenberg.fr,1.897,3.237,197.7845275402069,726060299,118237740,224276414
GPT-4,100000,French,Persee,1.899,3.291,235.1647548675537,913038858,146092571,277433198
GPT-4,100000,French,Wikipedia.fr,1.858,3.047,289.61704111099243,1032611019,182384258,338909262
GPT-4,100000,German,Europarl.de,1.949,3.718,31.86980628967285,157768481,21771862,42428120
GPT-4,100000,German,Gutenberg.de,2.043,3.241,70.11556005477905,355733044,53718437,109764546
GPT-4,100000,German,Wikipedia.de,2.116,3.1,328.7898654937744,1269036036,193425915,409322732
GPT-4,100000,Italian,Gutenberg.it,2.038,3.092,42.957308530807495,211432934,33557403,68376195
GPT-4,100000,Italian,Wikipedia.it,1.896,2.985,271.311823129654,945064169,166986641,316652881
GPT-4,100000,Spanish,Europarl.es,1.564,3.962,28.77645301818848,165225813,26660776,41705488
GPT-4,100000,Spanish,Gutenberg.es,1.822,3.27,30.14295601844788,151995591,25509320,46478278
GPT-4,100000,Spanish,Wikipedia.es,1.761,3.321,298.1051125526428,1161930093,198737225,349887938
Bloom,250000,Code,c++,3.371,3.482,13.45082139968872,25005734,2130370,7180555
Bloom,250000,Code,javascript,4.7,3.023,14.496036767959597,25173607,1771785,8327146
Bloom,250000,Code,python,3.091,3.806,13.33464217185974,25010643,2125802,6571313
Bloom,250000,Code,tex,3.134,3.102,13.694340705871582,25358297,2608822,8175615
Bloom,250000,English,Europarl.en,1.171,5.146,108.94091057777403,170503545,28287016,33133342
Bloom,250000,English,Gutenberg.en,1.476,3.943,623.9268290996552,827487238,142129809,209838612
Bloom,250000,English,Wikipedia.en,1.4,3.917,549.1943683624268,992528730,180958556,253359146
Bloom,250000,French,Europarl.fr,1.215,5.27,89.63464832305908,177552772,27727351,33691942
Bloom,250000,French,GallicaMonographies,1.475,4.06,385.26097798347473,607915815,101527426,149732636
Bloom,250000,French,Gutenberg.fr,1.535,4.0,466.1083421707153,726060299,118237740,181533044
Bloom,250000,French,Persee,1.511,4.135,518.5933318138123,913038858,146092571,220795713
Bloom,250000,French,Wikipedia.fr,1.459,3.882,589.358809709549,1032611019,182384258,266033342
Bloom,250000,German,Europarl.de,2.111,3.432,106.1732532978058,157768481,21771862,45963975
Bloom,250000,German,Gutenberg.de,2.116,3.13,269.9469473361969,355733044,53718437,113660608
Bloom,250000,German,Wikipedia.de,2.039,3.217,706.5876152515411,1269036036,193425915,394448728
Bloom,250000,Italian,Gutenberg.it,1.987,3.172,159.5606665611267,211432934,33557403,66664924
Bloom,250000,Italian,Wikipedia.it,1.715,3.299,535.3245587348938,945064169,166986641,286440522
Bloom,250000,Spanish,Europarl.es,1.208,5.13,109.21914505958556,165225813,26660776,32206388
Bloom,250000,Spanish,Gutenberg.es,1.539,3.87,114.22484397888184,151995591,25509320,39271005
Bloom,250000,Spanish,Wikipedia.es,1.407,4.154,635.1986780166626,1161930093,198737225,279680001
Gemma,256000,Code,c++,4.08,2.877,15.067836284637451,25005734,2130370,8692853
Gemma,256000,Code,javascript,5.17,2.748,15.365696907043455,25173607,1771785,9159892
Gemma,256000,Code,python,3.746,3.141,14.348445415496826,25010643,2125802,7963801
Gemma,256000,Code,tex,3.65,2.663,13.967344045639038,25358297,2608822,9523225
Gemma,256000,English,Europarl.en,1.175,5.129,215.004869222641,170503545,28287016,33242474
Gemma,256000,English,Gutenberg.en,1.484,3.923,878.2077488899231,827487238,142129809,210916893
Gemma,256000,English,Wikipedia.en,1.624,3.377,834.7643356323242,992528730,180958556,293909005
Gemma,256000,French,Europarl.fr,1.409,4.545,235.2778160572052,177552772,27727351,39063956
Gemma,256000,French,GallicaMonographies,1.702,3.518,916.1350386142732,607915815,101527426,172815734
Gemma,256000,French,Gutenberg.fr,1.715,3.581,975.7283008098602,726060299,118237740,202766971
Gemma,256000,French,Persee,1.759,3.552,908.8305914402008,913038858,146092571,257040500
Gemma,256000,French,Wikipedia.fr,1.782,3.178,849.6715331077576,1032611019,182384258,324957505
Gemma,256000,German,Europarl.de,1.49,4.864,184.55489826202395,157768481,21771862,32437838
Gemma,256000,German,Gutenberg.de,1.737,3.813,300.4108135700226,355733044,53718437,93291078
Gemma,256000,German,Wikipedia.de,1.907,3.44,1017.9509868621826,1269036036,193425915,368883553
Gemma,256000,Italian,Gutenberg.it,1.782,3.535,181.2975890636444,211432934,33557403,59805742
Gemma,256000,Italian,Wikipedia.it,1.797,3.149,800.3625583648682,945064169,166986641,300123474
Gemma,256000,Spanish,Europarl.es,1.269,4.882,192.75904607772827,165225813,26660776,33842881
Gemma,256000,Spanish,Gutenberg.es,1.586,3.757,126.52964305877686,151995591,25509320,40453088
Gemma,256000,Spanish,Wikipedia.es,1.585,3.688,955.546576976776,1161930093,198737225,315014684
